,cand_id,country,endMonth,endYear,locationName,name,startMonth,startYear
0,600.0,US,1,2013,San Francisco,AdRoll.com,7.0,2012.0
1,600.0,US,7,2012,San Francisco,Expedia,2.0,2012.0
2,600.0,US,2,2015,San Francisco,AdRoll,2.0,2014.0
3,600.0,US,2,2014,San Francisco,AdRoll,1.0,2013.0
4,600.0,US,Present,Present,,AdRoll,2.0,2015.0
0,601.0,US,Present,Present,"Cupertino, California",Apple,1.0,2015.0
1,601.0,US,2,2008,,Stadco,10.0,2007.0
2,601.0,US,3,2012,,MillenWorks,9.0,2008.0
3,601.0,US,9,2014,"Fontana, CA",S&B Filters,2.0,2012.0
4,601.0,US,5,2008,,CACO PACIFIC Corporation,3.0,2008.0
0,602.0,US,12,2009,"Austin, Texas Area",Dell Inc.,1.0,2007.0
1,602.0,US,12,2006,"Austin, Texas Area",Dell Inc.Aus,5.0,2005.0
2,602.0,US,11,2013,Greater Chicago Area,Dell Inc.,8.0,2013.0
3,602.0,US,Present,Present,"Mountain View, California",Google,12.0,2013.0
4,602.0,US,7,2013,"Chicago, Illinois",Dell,1.0,2010.0
0,603.0,US,Present,Present,"Somerville, Massachusetts",OHO Interactive,11.0,2015.0
1,603.0,US,9,2014,Greater Boston Area,Tree In the City,6.0,2014.0
2,603.0,US,5,2014,,Council for Accreditation in Occupational Hearing Conservation,12.0,2013.0
3,603.0,US,10,2015,"Boston, Massachusetts",Genuine Interactive,2.0,2015.0
4,603.0,US,12,2014,Greater Boston Area,General Assembly,9.0,2014.0
5,603.0,US,10,2016,,Code for America,10.0,2016.0
0,604.0,IL,Present,2001,Israel,IBM Global Services,,1999.0
1,604.0,US,Present,Present,San Francisco Bay Area,Hewlett Packard Enterprise,1.0,2015.0
2,604.0,IL,8,2012,Israel,HP,7.0,2009.0
3,604.0,US,Present,Present,San Francisco Bay Area,HP Software,9.0,2012.0
4,604.0,IL,8,2012,Israel,HP,11.0,2001.0
0,605.0,US,8,2015,San Francisco Bay Area,Sugar Digital,8.0,2013.0
1,605.0,US,8,2015,San Francisco Bay Area,The North Face,8.0,2013.0
2,605.0,US,Present,Present,"Mountain View, CA",Beyond at Google,2.0,2016.0
3,605.0,US,8,2015,"Emeryville, CA",Title Nine,12.0,2008.0
4,605.0,US,2,2016,"Mountain View, CA",Google,8.0,2015.0
5,605.0,US,Present,Present,,CIty College of San Francisco Board,9.0,2015.0
0,606.0,CA,8,2010,"Markham, Ont.",IBM Canada Ltd.,5.0,2009.0
1,606.0,CA,7,2015,"Toronto, Canada Area",Bibliocommons,9.0,2011.0
2,606.0,CA,Present,Present,"Toronto, Canada Area",BiblioCommons,7.0,2015.0
0,607.0,US,Present,Present,,"iHomefinder, Inc.",,2010.0
1,607.0,US,1,2004,san francisco,Blue Dot,1.0,2001.0
2,607.0,US,Present,2006,,"AAA Northern California, Nevada & Utah Insurance Exchange",,2004.0
3,607.0,US,Present,Present,"Berkeley, California","iHomefinder, Inc.",6.0,2014.0
4,607.0,US,Present,2010,,DigitalGlobe,,2006.0
0,608.0,IE,Present,Present,"Limerick, Ireland",Dell,9.0,2010.0
1,608.0,IE,9,2010,Limerick,Dell,2.0,2008.0
2,608.0,,2,2008,New Facility Startup in Lodz Poland,Dell,6.0,2006.0
0,609.0,IT,10,2009,,Bidac GmbH,7.0,2009.0
1,609.0,AT,Present,Present,Wien,zeb consulting,1.0,2016.0
2,609.0,DE,7,2014,,holub.steiner.partner,11.0,2010.0
3,609.0,GB,6,2013,,University of Hertfordshire,9.0,2012.0
4,609.0,GB,12,2015,,zeb consulting,9.0,2014.0
0,610.0,US,Present,Present,"Duluth, GA",Horizon Software International (subsidiary of Roper Technologies),8.0,2007.0
1,610.0,US,8,2007,Greater Atlanta Area,"Horizon Software International, LLC",5.0,2006.0
2,610.0,US,11,1997,"Duluth, GA",Horizon Software International (subsidiary of Roper Technologies),2.0,1997.0
3,610.0,US,12,2001,"Duluth, GA",Horizon Software International (subsidiary of Roper Technologies),11.0,1997.0
4,610.0,US,5,2006,"Duluth, GA",Horizon Software International (subsidiary of Roper Technologies),12.0,2001.0
0,611.0,US,Present,Present,San Francisco Bay Area,Sephora,4.0,2013.0
1,611.0,US,Present,Present,San Francisco Bay Area,SEPHORA,10.0,2016.0
2,611.0,US,Present,Present,San Francisco Bay Area,SEPHORA,10.0,2013.0
3,611.0,US,9,2012,,LeapFrog,6.0,2010.0
4,611.0,US,4,2013,"Emeryville, CA",LeapFrog,9.0,2012.0
0,612.0,US,Present,Present,Greater Detroit Area,Lear Corporation,10.0,2014.0
1,612.0,US,6,2012,"Columbus, Ohio Area",Pacer International Inc,7.0,2011.0
2,612.0,US,10,2014,Greater Detroit Area,Ford Motor Company,4.0,2012.0
3,612.0,US,Present,Present,Greater Detroit Area,General Motors,9.0,2016.0
4,612.0,IN,6,2008,,Narayan InfinityRajasthan India,1.0,2007.0
5,612.0,US,3,2016,,OAKLAND FAMILY SERVICES,3.0,2016.0
0,613.0,US,6,2016,,"Akorn, Inc",7.0,2014.0
1,613.0,US,6,2012,"Cranbury, NJ",Sun Pharmaceutical Industries Ltd,4.0,2011.0
2,613.0,US,9,2009,,Wyeth,7.0,2007.0
3,613.0,US,6,2014,,Valeant Pharmaceuticals,7.0,2012.0
4,613.0,US,2,2011,,Pfizer,9.0,2009.0
0,614.0,,Present,Present,Ireland,Houghton Mifflin Harcourt,5.0,2015.0
1,614.0,PL,6,2012,"Warsaw Area, Poland",Orange Polska,2.0,2011.0
2,614.0,PL,4,2013,"Warsaw, Masovian District, Poland",Billennium,7.0,2012.0
3,614.0,IE,4,2015,"Dublin, Ireland",FÃ³nua Ltd.,11.0,2013.0
4,614.0,PL,9,2010,"Warsaw Area, Poland",Trimtab,3.0,2010.0
0,616.0,FR,9,2006,,BT France,3.0,2005.0
1,616.0,CA,7,2014,"Toronto, Canada Area",Ecocarrier Inc.,3.0,2013.0
2,616.0,FR,Present,Present,"Paris Area, France",Arkadin,1.0,2015.0
3,616.0,GB,12,2012,"London, United Kingdom",Leadformance PagesJaunes Groupe,2.0,2012.0
4,616.0,FR,7,2011,"Paris Area, France",Transatel,10.0,2006.0
0,617.0,PH,1,2006,,"Intersperse, Inc",4.0,2003.0
1,617.0,US,5,2012,,"SonicWALL, Inc",1.0,2006.0
2,617.0,US,Present,Present,,Dell SonicWALL,5.0,2012.0
3,617.0,US,Present,2003,,Fasturn,,2001.0
0,618.0,US,4,2012,,Coupons Inc.,4.0,2011.0
1,618.0,US,Present,Present,Mountain view,Coupons.com,1.0,2013.0
2,618.0,US,9,2008,,Microsoft,9.0,2007.0
3,618.0,GB,4,2011,,Pie Digital,6.0,2009.0
4,618.0,US,Present,2006,,InnoMedia,,2006.0
0,619.0,US,7,2015,San Francisco Bay Area,BrightRoll,3.0,2015.0
1,619.0,US,10,2014,San Francisco Bay Area,"IDG Consumer & SMB Brands (Macworld, PCWorld, TechHive, & Greenbot)",3.0,2014.0
2,619.0,US,Present,Present,San Francisco Bay Area,Yahoo,9.0,2016.0
3,619.0,US,9,2016,San Francisco Bay Area,Yahoo,3.0,2015.0
4,619.0,US,3,2014,San Francisco Bay Area,Network World,6.0,2013.0
5,619.0,,1,2009,,Antelope Neighborhood Accountability Board,1.0,2007.0
0,620.0,US,7,2014,Palm Beach Gardens,Biomet 3i,11.0,2012.0
1,620.0,US,Present,Present,Greater Milwaukee Area,Dohmen Life Science Services,1.0,2016.0
2,620.0,US,11,2012,Palm Beach Gardens,Biomet 3i,11.0,2010.0
3,620.0,US,11,2011,Palm Beach Gardens,Biomet 3i,5.0,2008.0
4,620.0,US,11,2015,"San Angelo, Texas Area",BEPC Inc,9.0,2015.0
5,620.0,US,11,2013,,St. Rita Catholic Church,5.0,2010.0
0,621.0,US,Present,Present,San Francisco Bay Area,IPsoft,6.0,2005.0
1,621.0,,Present,2002,,Sonata Software Ltd & ODSI,,1995.0
2,621.0,MX,Present,1995,,NIIT,,1993.0
3,621.0,US,1,2005,,Ensenda,7.0,2002.0
4,621.0,US,6,2005,,CNET Networks,2.0,2005.0
0,622.0,IN,6,2010,"Bengaluru Area, India",Mindteck,1.0,2010.0
1,622.0,US,Present,Present,San Francisco Bay Area,Citrix Systems,2.0,2012.0
2,622.0,US,8,2011,"Hillsboro, Oregon",Intel Corporation,5.0,2011.0
0,624.0,US,Present,2011,,"Ophtec USA, Inc.",,2008.0
1,624.0,US,1,2015,,"Tria Beauty, Inc.",11.0,2011.0
2,624.0,US,12,2016,,ZELTIQ,3.0,2015.0
3,624.0,US,Present,Present,,ZELTIQ,1.0,2017.0
0,625.0,US,11,2016,"Tampa/St. Petersburg, Florida Area",Accusoft,12.0,2014.0
1,625.0,US,3,2014,,NEWSCYCLE Solutions,6.0,2010.0
2,625.0,US,Present,Present,,AutoLoop,11.0,2016.0
3,625.0,US,12,2014,"Tampa/St. Petersburg, Florida Area",Accusoft,3.0,2014.0
4,625.0,US,Present,2009,,World Publishing Co.,,2007.0
5,625.0,US,11,2016,"Tampa/St. Petersburg, Florida Area",Accusoft,12.0,2014.0
6,625.0,US,3,2014,,NEWSCYCLE Solutions,6.0,2010.0
7,625.0,US,Present,Present,,AutoLoop,11.0,2016.0
8,625.0,US,12,2014,"Tampa/St. Petersburg, Florida Area",Accusoft,3.0,2014.0
9,625.0,US,Present,2009,,World Publishing Co.,,2007.0
0,626.0,US,3,2015,San Francisco Bay Area,Chegg Inc.,6.0,2014.0
1,626.0,US,4,2016,San Francisco Bay Area,Chegg Inc.,3.0,2015.0
2,626.0,US,2,2015,San Francisco Bay Area,InstaEDU (acquired by Chegg),12.0,2013.0
3,626.0,US,12,2013,San Francisco,estorm international,9.0,2013.0
4,626.0,US,Present,Present,San Francisco Bay Area,Chegg Inc.,4.0,2016.0
0,627.0,US,12,2016,San Francisco Bay Area,Chubbies Shorts,11.0,2015.0
1,627.0,ES,5,2013,"Barcelona Area, Spain",Freelance Writer,1.0,2012.0
2,627.0,US,Present,Present,,"PAX Labs, Inc.",1.0,2017.0
3,627.0,US,1,2013,"Brooklyn, NY",Gelf Magazine,4.0,2009.0
4,627.0,US,11,2015,San Francisco Bay Area,Betabrand,5.0,2013.0
0,628.0,US,4,2002,"New York City, NY","Powerhead Games, LLC",1.0,2000.0
1,628.0,US,Present,Present,"Santa Monica, CA",Naughty Dog,4.0,2007.0
2,628.0,US,4,2007,"Santa Monica, CA",Treyarch,8.0,2002.0
3,628.0,US,Present,2007,"Santa Monica, CA",Activision,,2002.0
4,628.0,US,Present,2000,"Glen Rock, NJ",Big Panda House,,1997.0
0,629.0,US,Present,2014,San Francisco Bay Area,Infosys,,2009.0
1,629.0,US,Present,Present,San Francisco Bay Area,Infosys,,2014.0
2,629.0,GB,Present,2006,,BT - Global Services,,2004.0
3,629.0,US,Present,2004,,Cisco Systems,,2002.0
4,629.0,GB,Present,2009,"London, United Kingdom",BT Media and Broadcast,,2006.0
0,630.0,US,Present,Present,San Francisco Bay Area,Google,1.0,2008.0
1,630.0,IN,1,2003,"Mumbai Area, India",Rave Technologies,8.0,2000.0
2,630.0,IN,12,2007,"Bengaluru Area, India",OAT Systems,1.0,2003.0
0,632.0,AU,11,2011,"Sydney, Australia",Pharmaxis Ltd,8.0,2011.0
1,632.0,GB,Present,Present,,Norgine,5.0,2014.0
2,632.0,US,8,2012,Waterford,EirGen Pharma,6.0,2012.0
3,632.0,GB,5,2014,neath port talbot,Neath Port Talbot County Borough Council,9.0,2012.0
4,632.0,GB,Present,2011,,Norgine LTD,,2006.0
5,632.0,AU,11,2011,"Sydney, Australia",Pharmaxis Ltd,8.0,2011.0
6,632.0,GB,Present,Present,,Norgine,5.0,2014.0
7,632.0,US,8,2012,Waterford,EirGen Pharma,6.0,2012.0
8,632.0,GB,5,2014,neath port talbot,Neath Port Talbot County Borough Council,9.0,2012.0
9,632.0,GB,Present,2011,,Norgine LTD,,2006.0
0,633.0,US,9,2012,,SC&H Group,10.0,2010.0
1,633.0,US,5,2008,,TESSCO Technologies,6.0,2007.0
2,633.0,US,Present,Present,"Baltimore, Maryland Area",PANDORA A/S,8.0,2015.0
3,633.0,US,8,2015,Washington D.C. Metro Area,PwC,9.0,2012.0
4,633.0,US,9,2010,,SC&H Group,5.0,2008.0
0,634.0,US,Present,2006,,Federal Reserve Bank of San Francisco,,1998.0
1,634.0,US,1,2012,,CafePress.com,8.0,2007.0
2,634.0,US,Present,Present,"Emeryville, CA",Peet's Coffee & Tea,1.0,2012.0
3,634.0,US,8,2007,,PlanetMagpie IT Consulting Bay Area,9.0,2006.0
0,635.0,US,5,2014,Mountain View,LinkedIn,7.0,2012.0
1,635.0,US,Present,Present,,Google,8.0,2015.0
2,635.0,US,7,2012,,Yahoo!,9.0,2011.0
3,635.0,US,8,2015,Mountain View,Tango Me,5.0,2014.0
4,635.0,US,9,2011,,Argonne National Laboratory,1.0,2011.0
0,636.0,US,4,2011,"San Jose, CA",PACE Incorporated,3.0,2011.0
1,636.0,US,5,2009,,Dolby Laboratories,2.0,2009.0
2,636.0,US,3,2011,"Santa Cruz, CA","Plantronics,  Inc",12.0,2010.0
3,636.0,US,5,2013,San Mateo,Avistar Communications,1.0,2012.0
4,636.0,US,Present,Present,"Sunnyvale,CA",Internet Private Store,6.0,2009.0
0,637.0,US,Present,Present,,Schering Plough Corporation,,2009.0
1,637.0,US,1,2007,,Abbott,1.0,2005.0
2,637.0,US,12,2008,,Comsys,1.0,2007.0
3,637.0,US,Present,2004,,Genentech,,2003.0
0,638.0,US,1,2011,,GE Healthcare,1.0,2008.0
1,638.0,US,2,2007,,GE Life,11.0,2004.0
2,638.0,GB,1,2008,,Lloyds TSB,3.0,2007.0
3,638.0,US,1,2014,,Alvarez & Marsal,1.0,2011.0
4,638.0,GB,Present,Present,"London, United Kingdom",EY,1.0,2014.0
0,639.0,US,Present,Present,,Toptal,3.0,2014.0
1,639.0,PL,5,2014,"Poznan, Greater Poland District, Poland",Samsung Poland R&D Center,6.0,2013.0
2,639.0,PL,5,2013,"Poznan, Greater Poland District, Poland",ATREM,7.0,2012.0
3,639.0,,7,2016,,Alt Tab - World's best developers on demand,6.0,2015.0
4,639.0,PL,10,2013,"Poznan, Greater Poland District, Poland",Freelance cooperation with Sputnik Software Sp. z o.o.,11.0,2012.0
0,640.0,US,Present,Present,"San Francisco, CA","Lightbend, Inc.",6.0,2015.0
1,640.0,US,4,2014,"Evanston, IL",Northwestern University,,2001.0
2,640.0,US,Present,2016,"Cambridge, MA",Boston Area Scala Enthusiasts & Northeast Scala Symposium,,2009.0
3,640.0,US,5,2015,Greater Boston Area,McGraw-Hill Education,7.0,2014.0
4,640.0,,Present,Present,http://www.scalawags.tv,Scalawags podcast,2.0,2014.0
0,641.0,NL,6,2011,"Weesp Area, Netherlands",Abbott,8.0,2007.0
1,641.0,NL,8,2013,"Nijmegen Area, Netherlands",Synthon,11.0,2011.0
2,641.0,NL,11,2011,"Weesp area, Netherlands",Homage Pharma,6.0,2011.0
3,641.0,NL,Present,Present,"Haarlem Area, Netherlands",Teva Pharmachemie,9.0,2013.0
4,641.0,US,Present,Present,,Free lance,6.0,2009.0
0,642.0,US,12,2012,"San Mateo, Ca",Tribal Technologies,11.0,2010.0
1,642.0,US,Present,Present,"Menlo Park, CA",Facebook,9.0,2015.0
2,642.0,,8,2015,,Redbeacon,12.0,2012.0
0,643.0,US,Present,Present,Greater Los Angeles Area,MatthewWardenaar.com,,2006.0
1,643.0,US,12,2016,"Cupertino, Ca.",Apple,8.0,2016.0
2,643.0,US,Present,Present,"Palo Alto, Ca.",Cyanogen,1.0,2017.0
3,643.0,US,7,2015,San Francisco,Turo (RelayRides),8.0,2014.0
4,643.0,US,8,2016,"Cupertino, California",Apple,8.0,2015.0
0,644.0,US,5,2016,"1000 enterprise way, sunnyvale, CA",Motorola,5.0,2014.0
1,644.0,US,3,2014,"Fremont, CA",Lab2Apps,1.0,2013.0
2,644.0,US,5,2014,"Santa Clara, CA",Intel Corporation,3.0,2014.0
3,644.0,US,Present,Present,,TCL Research America,,
4,644.0,US,Present,Present,"2870 Zanker Rd, Suite 200 San Jose, CA 95134 USA",TCL,5.0,2016.0
0,645.0,US,6,2013,San Francisco Bay Area,Bonnier R&D,7.0,2012.0
1,645.0,US,7,2016,"San Francisco, CA",Uber,7.0,2015.0
2,645.0,US,6,2015,,Independent,5.0,2007.0
3,645.0,US,4,2015,San Francisco Bay Area,Nextbit Systems,7.0,2013.0
4,645.0,US,Present,Present,San Francisco Bay Area,Uber,7.0,2016.0
0,647.0,GB,Present,2009,,PFJ,,2007.0
1,647.0,GB,11,2016,"London, United Kingdom",Marin Software,4.0,2014.0
2,647.0,GB,Present,Present,"London, United Kingdom",Adthena,12.0,2016.0
3,647.0,GB,3,2014,"London, United Kingdom",Marin Software,1.0,2013.0
4,647.0,GB,1,2013,London,PFJ,10.0,2007.0
0,648.0,US,3,2011,"Microsoft, Redmond WA",Microsoft,1.0,2011.0
1,648.0,,Present,Present,Bothell WA,AT&T,3.0,2016.0
2,648.0,US,7,2011,"Seattle, WA",Produxs,5.0,2011.0
3,648.0,US,1,2016,"Bellevue, WA",Puget Sound Energy,5.0,2015.0
4,648.0,US,4,2015,AT&T - Bothell WA,AT&T Mobility,8.0,2011.0
5,648.0,US,Present,Present,,New London CT,,
0,649.0,US,10,2013,,"Blue	Canopy	Group,	LLC",5.0,2013.0
1,649.0,US,6,2014,,Xavient Information Systems,10.0,2013.0
2,649.0,US,Present,Present,,Xavient Information Systems,6.0,2014.0
3,649.0,US,5,2011,,Stevens Institute of Technology,1.0,2011.0
4,649.0,US,5,2013,,VolantSoft Inc,7.0,2012.0
0,650.0,NL,Present,Present,"Amsterdam Area, Netherlands",Accenture,8.0,2012.0
1,650.0,ZA,4,2007,"Kosmosdal, South Africa",GijimaAst,10.0,2003.0
2,650.0,ZA,8,2007,"Johannesburg Area, South Africa",Netcure,5.0,2006.0
3,650.0,ZA,7,2012,"Johannesburg Area, South Africa",IBM,8.0,2008.0
4,650.0,ZA,9,2003,"Centurion, South Africa",Condyn,9.0,2001.0
0,651.0,US,12,2013,,University of Utah,8.0,2009.0
1,651.0,US,3,2015,"Sunnyvale, CA",Yahoo,1.0,2014.0
2,651.0,IN,8,2009,"Bangalore, India",Yahoo!,6.0,2009.0
3,651.0,US,9,2012,Santa Clara - Great America Parkway,Yahoo!,5.0,2012.0
4,651.0,US,Present,Present,Greater Salt Lake City Area,Eastwind Networks,3.0,2015.0
5,651.0,,Present,Present,,Salt Lake Valley Science and Engineering Fair,3.0,2009.0
0,652.0,US,10,2009,,Vertex Pharmaceuticals,7.0,2008.0
1,652.0,US,8,2010,,Molecular Insight Pharmaceuticals,10.0,2009.0
2,652.0,US,4,2017,"Cambridge, Massachusetts",Merrimack,11.0,2015.0
3,652.0,US,Present,Present,,"TESARO, Inc.",4.0,2017.0
4,652.0,US,1,2015,,Novartis Institutes for BioMedical Research (NIBR),9.0,2010.0
0,653.0,US,5,2013,,Infinera,1.0,2012.0
1,653.0,US,1,2012,,Infinera,6.0,2004.0
2,653.0,US,3,2017,"Redmond, WA",Microsoft,6.0,2013.0
3,653.0,US,6,2004,,Ciena,4.0,2001.0
0,654.0,US,10,2013,"Austin, Texas",On-X Life Technologies,2.0,2011.0
1,654.0,US,4,2016,"Austin, Texas",Asuragen,2.0,2015.0
2,654.0,US,2,2015,"Austin, Texas",Asuragen,2.0,2014.0
3,654.0,US,Present,Present,"Austin, Texas",Abbott,1.0,2017.0
4,654.0,US,1,2017,"Austin, Texas Area",St. Jude Medical,5.0,2016.0
0,655.0,US,Present,2009,,Intel,,2006.0
1,655.0,US,Present,Present,San Francisco Bay Area,Lynx Software Technologies (formerly LynuxWorks),3.0,2015.0
2,655.0,US,5,2013,San Francisco Bay Area,AnchorFree,10.0,2011.0
3,655.0,IN,10,2011,,Auriga,10.0,2009.0
4,655.0,US,3,2015,San Francisco Bay Area,Lynx Software Technologies (formerly LynuxWorks),6.0,2013.0
0,656.0,US,12,2014,"Cleveland/Akron, Ohio Area",Case Western Reserve University,12.0,2013.0
1,656.0,US,Present,Present,"Brecksville, OH",Northeast Ohio Fit,4.0,2005.0
2,656.0,US,Present,Present,,PPD,3.0,2016.0
3,656.0,US,4,2015,"Strongsville, OH","IMARC Research, Inc.",1.0,2015.0
4,656.0,US,3,2016,"Cleveland/Akron, Ohio Area",Complion,4.0,2015.0
5,656.0,US,Present,2005,,Northeast Ohio Fit,,2005.0
0,657.0,TH,7,2014,Thailand,International Paper Thailand,6.0,2011.0
1,657.0,,Present,Present,Southeast Asia,International Paper Asia,8.0,2014.0
2,657.0,CN,5,2011,,International Paper Asia (Shanghai),2.0,2005.0
3,657.0,,Present,Present,"Thailand, Malaysia, Singapore",United Creation Packaging Solutions  ,7.0,2016.0
4,657.0,,1,2005,,International Paper Pacific Millennium (Thailand),7.0,2000.0
0,659.0,US,9,2007,"Wilmington, NC",PPD,4.0,2006.0
1,659.0,US,Present,Present,"raleigh, north carolina",PRA,8.0,2013.0
2,659.0,US,4,2006,"Wilmington, North Carolina Area",PPD,3.0,2005.0
3,659.0,US,11,2010,"Wilmington, North Carolina Area",Quintiles,10.0,2008.0
4,659.0,US,1,2013,,Quintiles,11.0,2010.0
0,660.0,US,4,2013,"Pasadena, CA",California Institute of Technology,1.0,2010.0
1,660.0,US,3,2016,San Francisco,Uber,4.0,2015.0
2,660.0,US,4,2015,"San Francisco, California",Uber,1.0,2015.0
3,660.0,US,1,2015,San Francisco Bay Area,Twitter,7.0,2013.0
4,660.0,US,Present,Present,"San Francisco, California",Uber,3.0,2016.0
0,661.0,US,8,2014,"Berkeley, CA",NeuroFocus,8.0,2010.0
1,661.0,US,Present,Present,San Francisco,"Williams-Sonoma, Inc.",12.0,2014.0
2,661.0,US,10,2009,San Francisco,Artisan Confections Company,6.0,2006.0
3,661.0,US,9,2005,,"Seiler & Company, LLP",12.0,2004.0
4,661.0,US,6,2006,San Francisco,"Grant Thornton, LLP",9.0,2005.0
0,662.0,US,Present,Present,San Francisco Bay Area,KPMG,9.0,2015.0
1,662.0,US,Present,Present,San Francisco Bay Area,KPMG LLP,3.0,2010.0
2,662.0,US,9,2007,"Richmond, Virginia Area",KPMG US,5.0,2004.0
3,662.0,AU,5,2004,"Sydney, Australia",KPMG Australia,12.0,2002.0
4,662.0,US,3,2010,Greater New York City Area,KPMG International,10.0,2007.0
0,663.0,US,3,2006,,Morgan Stanley,4.0,2005.0
1,663.0,US,12,2009,,Wells Fargo,10.0,2006.0
2,663.0,US,3,2005,,Wells Fargo,10.0,2004.0
3,663.0,US,Present,Present,"Irvine, CA",Undisclosed,12.0,2009.0
4,663.0,US,10,2006,,State Street,4.0,2006.0
0,664.0,AU,12,2007,,Synplicity,7.0,2001.0
1,664.0,US,8,2016,,Intuitive Surgical,4.0,2014.0
2,664.0,US,Present,Present,,Intuitive Surgical,8.0,2016.0
3,664.0,US,11,2010,,Yahoo!,12.0,2007.0
4,664.0,US,12,2013,,Microsoft,11.0,2010.0
0,666.0,US,Present,2016,"Sunnyvale, California",Hewlett-Packard Enterprise,,2014.0
1,666.0,US,Present,2005,San Francisco,Totality,,2000.0
2,666.0,US,Present,2014,"Mountain View, California",Intuit,,2012.0
3,666.0,US,Present,Present,"Campbell, California",Hightail,,2016.0
4,666.0,US,Present,2012,San Francisco,Verizon Business,,2005.0
0,667.0,US,Present,Present,"Blue Ridge, Georgia",Treo Blue Ridge,2.0,2017.0
1,667.0,US,4,2012,Greater Atlanta Area,Bank of America,8.0,2007.0
2,667.0,US,2,2015,Greater Atlanta Area,Bank of America,3.0,2014.0
3,667.0,US,Present,Present,"Blue Ridge, Georgia",Treo Blue Ridge,2.0,2017.0
4,667.0,US,3,2014,Greater Atlanta Area,Bank of America,4.0,2012.0
0,668.0,GB,1,2015,,Newton Europe Limited,4.0,2013.0
1,668.0,BT,Present,Present,,BT,9.0,2015.0
2,668.0,GB,8,2015,,Newton Europe Limited,1.0,2015.0
0,669.0,US,Present,Present,"Seattle, WA","Expedia, Inc.",9.0,2016.0
1,669.0,US,5,2015,"Bellevue, WA",Expedia,12.0,2012.0
2,669.0,US,12,2012,Bellevue/Seattle,Pariveda Solutions,5.0,2011.0
3,669.0,US,9,2016,"Bellevue, WA","Expedia, Inc.",5.0,2015.0
4,669.0,US,5,2011,,GuestWare,11.0,2005.0
0,670.0,US,9,2014,,Informatica,3.0,2012.0
1,670.0,US,3,2012,,Yahoo!,,2008.0
2,670.0,US,Present,2005,,PTC,,2001.0
3,670.0,NL,Present,2008,,Human Inference,,2005.0
4,670.0,US,Present,Present,,Informatica,11.0,2014.0
0,671.0,US,11,2016,West Hollywood,Eclectic Pictures,10.0,2014.0
1,671.0,US,Present,Present,Greater Los Angeles Area,Nu Image - Millennium Films,11.0,2016.0
2,671.0,US,9,2013,"Santa Monica, CA",Pearlstreet Films,2.0,2013.0
3,671.0,US,12,2012,"Burbank, CA",Weed Road Pictures,8.0,2012.0
4,671.0,US,11,2013,"Universal City, CA",Universal Pictures,9.0,2013.0
0,672.0,US,5,2010,NJ,Merck,2.0,2009.0
1,672.0,US,4,2016,Greater New York City Area,Citigroup,8.0,2015.0
2,672.0,US,2,2012,NYC,Citigroup Global Markets,5.0,2010.0
3,672.0,US,Present,Present,PA,"Integraph Productions, LLC.",10.0,1996.0
4,672.0,US,7,2015,CT,Knights of Columbus,2.0,2012.0
0,673.0,US,Present,Present,"Seattle, WA",Oculus VR,7.0,2014.0
1,673.0,US,6,2014,"Kirkland, WA",343 Industries | Microsoft,12.0,2010.0
2,673.0,US,Present,Present,"Seattle, WA",Oculus VR,9.0,2015.0
3,673.0,US,12,2010,"Middleton, WI",Raven Software,7.0,2003.0
0,674.0,SG,Present,2016,Singapore,Schneider Electric,,2015.0
1,674.0,SG,Present,2005,,National University Hospital/ Lux Asia,,2001.0
2,674.0,,Present,2015,"Suntec city, singapore",LIXIL Group,,2014.0
3,674.0,US,Present,2014,,Kohler Co.,,2005.0
4,674.0,SG,Present,Present,,SPCA Singapore,,
5,674.0,US,Present,Present,,Voices For Animals,,
0,676.0,US,Present,Present,San Francisco Bay Area,Impax Laboratories,3.0,2015.0
1,676.0,US,Present,Present,San Francisco Bay Area,Impax Laboratories,11.0,2015.0
2,676.0,US,Present,Present,San Francisco Bay Area,Impax Laboratories,11.0,2012.0
3,676.0,US,9,2012,"Napa, CA",Mylan Specialty,1.0,2011.0
4,676.0,US,Present,2011,"Morgantown, WV",Mylan Pharmaceuticals Inc,,2009.0
5,676.0,US,Present,Present,,City of Hayward,9.0,2014.0
0,678.0,US,Present,Present,"Hayward, CA",Rabid Brains Studios,1.0,2012.0
1,678.0,US,1,2011,"Newark, California",JCPenney,6.0,2008.0
2,678.0,US,Present,Present,"Oakland, CA",St George Warehouse,3.0,2012.0
3,678.0,US,7,2007,"Juneau, Alaska",Alaska Travel Adventures,5.0,2007.0
0,679.0,ES,10,2013,"Barcelona Area, Spain",Yahoo!,6.0,2013.0
1,679.0,ES,4,2015,Barcelona,Yahoo,10.0,2013.0
2,679.0,GB,Present,Present,"Cambridge, United Kingdom",Bell Labs,9.0,2016.0
3,679.0,FR,6,2013,,EURECOM,2.0,2010.0
4,679.0,US,8,2016,,Yahoo,4.0,2015.0
5,679.0,ES,11,2013,,Bancs dels Aliments,11.0,2013.0
0,680.0,IN,Present,Present,,TEXTRON India pvt ltd,12.0,2010.0
1,680.0,IN,12,2010,,BCS Innovations,12.0,2009.0
0,681.0,US,1,2017,San Francisco Bay Area,Twitter,8.0,2015.0
1,681.0,US,8,2015,San Francisco,PlanChat,9.0,2013.0
2,681.0,US,8,2013,San Francisco Bay Area,"RealPage, Inc.",12.0,2012.0
3,681.0,US,12,2012,San Francisco Bay Area,"Propertyware, Inc., a division of Realpage",3.0,2012.0
4,681.0,US,Present,Present,San Francisco Bay Area,Google,1.0,2017.0
0,682.0,US,8,2014,"Austin, TX",HomeAway.com,8.0,2011.0
1,682.0,US,5,2010,,"BP3 Global, Inc.",7.0,2008.0
2,682.0,US,Present,Present,"Austin, Texas Area",HomeAway.com,3.0,2017.0
3,682.0,US,3,2017,,HomeAway.com,8.0,2014.0
4,682.0,US,8,2011,"Austin, TX",HomeAway.com,5.0,2010.0
5,682.0,US,10,2006,,Texas 4000 for Cancer,8.0,2005.0
6,682.0,US,6,2009,,Austin Partners in Education,12.0,2008.0
0,683.0,US,1,2013,Princeton NJ,Niksun,6.0,2011.0
1,683.0,,4,2009,,nabbr.com,10.0,2008.0
2,683.0,US,6,2016,Greater New York City Area,"RSA, The Security Division of EMC",2.0,2013.0
3,683.0,US,5,2011,,Scivantage,5.0,2009.0
4,683.0,CH,Present,Present,"ZÃ¼rich Area, Switzerland",Microsoft,7.0,2016.0
0,684.0,US,Present,2013,"Seattle, WA","NVL Laboratories, Inc.",,2010.0
1,684.0,US,Present,Present,"Seattle, WA",B&C Comfort,8.0,2015.0
2,684.0,US,Present,2009,"Seattle, WA",Pace Analytical,,2006.0
3,684.0,US,8,2015,"Seattle, WA",Freelance,6.0,2014.0
0,685.0,US,Present,Present,,Consultant,7.0,2015.0
1,685.0,US,6,2014,Greater Seattle Area,Microsoft,4.0,2014.0
2,685.0,US,2,2015,Greater Seattle Area,"Expedia, Inc.",8.0,2014.0
3,685.0,US,6,2015,"Redmond, WA",Microsoft,2.0,2015.0
4,685.0,US,1,2014,"Portland, Oregon Area",Intel Corporation,6.0,2013.0
5,685.0,BR,6,2013,,Startup Weekend,9.0,2010.0
0,686.0,US,Present,Present,San Francisco Bay Area,Google,12.0,2015.0
1,686.0,US,6,2014,"Sunnyvale, CA","AlephCloud Systems, Inc.",11.0,2013.0
2,686.0,US,4,2015,"San Francisco, CA",Heroku,7.0,2014.0
3,686.0,US,9,2011,San Francisco Bay Area,Mozilla,3.0,2011.0
4,686.0,US,11,2013,,Mozilla Corporation,1.0,2012.0
5,686.0,US,8,2010,,All Hands Volunteers,7.0,2010.0
6,686.0,,6,2015,,GNOME Foundation,11.0,2014.0
7,686.0,,1,2014,,GNOME Foundation,10.0,2013.0
0,687.0,US,Present,Present,,Gearbox Software,12.0,2009.0
1,687.0,US,8,2007,,West Asset Management,2.0,2006.0
0,688.0,US,Present,Present,"sunnyvale, CA",Microsoft,7.0,2016.0
1,688.0,US,8,2013,Greater Pittsburgh Area,University of Pittsburgh,11.0,2012.0
2,688.0,US,8,2011,"Princeton, NY",Siemens Corporate Research,5.0,2011.0
3,688.0,GE,9,2015,,GE,9.0,2013.0
4,688.0,US,7,2016,"Sunnyvale, California",Yahoo,10.0,2015.0
0,689.0,US,Present,2008,,Abbott Lab,3.0,2004.0
1,689.0,US,Present,Present,,Abbott Lab,2.0,2010.0
2,689.0,US,Present,Present,"Abbott Park, IL",Abbott Labs,5.0,2013.0
3,689.0,US,Present,Present,"Wauconda,IL",Striking Arts Academy,3.0,2012.0
4,689.0,US,2,2010,,Abbott Lab,1.0,2008.0
5,689.0,US,5,2008,,Knights of Columbus,5.0,2008.0
6,689.0,,2,2010,,Single Mingle,2.0,2010.0
7,689.0,US,6,2009,,BCCO,6.0,2009.0
0,690.0,US,Present,2004,"Pasadena, Ca","Lavalab, inc.",,2001.0
1,690.0,US,Present,Present,"Glendale, CA",Disney Consumer Products,,2004.0
2,690.0,US,Present,2001,"Burbank, Ca",Disney Consumer Products,,1997.0
0,691.0,US,7,2012,"Richardson, TX",Cisco,1.0,2012.0
1,691.0,US,8,2013,,Rochester Institute of Technology: Gosnell College of Science,2.0,2013.0
2,691.0,US,2,2013,"Rochester, NY",Rochester Institute of Technology: Carlson Center for Imaging Science,5.0,2011.0
3,691.0,US,Present,Present,"Syracuse, New York Area","Thruway Fasteners, Inc.",6.0,2016.0
4,691.0,US,5,2016,"San Francisco, California",Cisco Meraki,6.0,2014.0
0,692.0,US,1,2017,,Axolotl Corp.,1.0,2011.0
1,692.0,US,Present,Present,,Cinarra Systems,1.0,2017.0
2,692.0,,11,2010,,Adify ( Cox ),6.0,2006.0
3,692.0,US,3,2006,,MSN TV,11.0,2000.0
0,693.0,US,Present,2015,Greater Atlanta Area,First Data Corporation,,2014.0
1,693.0,US,Present,Present,Greater Atlanta Area,First Data Corporation,7.0,2014.0
2,693.0,US,7,2012,"Stamford, CT",MetroWine Distribution Co,10.0,2011.0
3,693.0,US,5,2014,Greater Atlanta Area,Lunex Group,1.0,2013.0
4,693.0,US,Present,2016,Greater Atlanta Area,First Data Corporation,,2015.0
0,694.0,JP,Present,Present,"Tokyo, Japan",Acronis,6.0,2013.0
1,694.0,US,Present,Present,,Adobe Systems,,
2,694.0,US,Present,2013,,Acronis,,2013.0
0,695.0,US,10,2007,"San Jose, CA",Trianz/Cisco,6.0,2007.0
1,695.0,US,6,2007,"Sunnyvale, CA","Fujitsu Computer Systems, Inc.",10.0,2003.0
2,695.0,US,Present,Present,"San Jose, California",Cadence Design Systems,5.0,2015.0
3,695.0,US,2,2013,"Sunnyvale, California","MIPS Technologies, Inc.",11.0,2007.0
4,695.0,US,5,2015,"Santa Clara, CA","Imagination Technologies, LLC",2.0,2013.0
5,695.0,US,Present,Present,,Homestead High School Music Booster,7.0,2015.0
6,695.0,US,6,2015,,Homestead High School PTSA,7.0,2013.0
7,695.0,US,Present,Present,,Homestead High School PTSA,7.0,2015.0
0,696.0,US,9,2015,"Novato, CA",Fireman's Fund Insurance Company,11.0,2000.0
1,696.0,US,8,1994,"Northern District, San Francisco","Judge Saundra Brown Armstrong, United States District Court",6.0,1994.0
2,696.0,US,11,2000,"San Francisco, CA",Wolkin & Timpane,9.0,1996.0
3,696.0,US,8,1995,"San Rafael, CA","Ragghianti, Thomas, Montobbio & Wallace",6.0,1995.0
4,696.0,US,Present,Present,San Francisco,California Department of Insurance,12.0,2015.0
5,696.0,US,Present,Present,,Terra Linda High School Scholarship Foundation,,2013.0
6,696.0,US,Present,2016,,UC Berkeley Alumni Association,,2014.0
7,696.0,US,Present,2016,,Dixie Terra Linda Little League,,2011.0
0,697.0,,8,2011,,Mobia.tv LLC,5.0,2010.0
1,697.0,US,Present,Present,San Francisco Bay Area,OpenTable,3.0,2017.0
2,697.0,US,6,2014,"Austin, Texas",Mutual Mobile,7.0,2011.0
3,697.0,US,2,2017,San Francisco,OpenTable,6.0,2014.0
4,697.0,US,Present,Present,"Austin, Texas Area",MilkCrate,1.0,2013.0
0,698.0,US,2,2005,,BiogenIdec,7.0,2002.0
1,698.0,US,8,2007,,Sanofi-aventis,2.0,2005.0
2,698.0,,4,2002,,Phase-1 Molecular Toxicology,11.0,2000.0
3,698.0,US,6,2010,,Affymetrix,8.0,2007.0
4,698.0,US,Present,Present,,Affymetrix,,2010.0
